name,tp,fp,fn,tn,precision,recall,f1,fpr
Signature-based IDS,4,3,0,345,0.5714285714285714,1.0,0.7272727272727273,0.008620689655172414
Anomaly-based IDS (IsolationForest),4,44,0,304,0.08333333333333333,1.0,0.15384615384615385,0.12643678160919541
